{
    "Floors": [
        {
            "Spaces": [
                {
                    "InitialHeight": 0.0,
                    "depth": 220.0,
                    "id": 477227612,
                    "name": "Space_4",
                    "shape": [
                        -363.44720000000001,
                        -172.744,
                        -543.44719999999995,
                        -172.744,
                        -543.44719999999995,
                        -11.744,
                        -363.44720000000001,
                        -11.744
                    ]
                },
                {
                    "InitialHeight": 0.0,
                    "depth": 220.0,
                    "id": 1364868715,
                    "name": "Space_18",
                    "shape": [
                        166.23599999999999,
                        149.9992,
                        73.314907318524007,
                        149.9992,
                        73.314907318524007,
                        139.9992,
                        -86.685092681475993,
                        139.9992,
                        -86.685092681475993,
                        149.9992,
                        -204.159469,
                        149.9992,
                        -197.51527300000001,
                        448.988,
                        166.23599999999999,
                        448.988
                    ]
                },
                {
                    "InitialHeight": 0.0,
                    "depth": 220.0,
                    "id": 1905585376,
                    "name": "Space_19",
                    "shape": [
                        -414.41040871744042,
                        448.988,
                        -217.52021099999999,
                        448.988,
                        -224.16440700000001,
                        149.9992,
                        -432.25401784070755,
                        149.9992,
                        -432.25401784070755,
                        139.9992,
                        -592.25401784070755,
                        139.9992,
                        -592.25401784070755,
                        149.9992,
                        -807.36400000000003,
                        149.9992,
                        -807.36400000000003,
                        448.988,
                        -574.41040871744042,
                        448.988,
                        -574.41040871744042,
                        468.988,
                        -414.41040871744042,
                        468.988
                    ]
                },
                {
                    "InitialHeight": 0.0,
                    "depth": 220.0,
                    "id": 987064446,
                    "name": "Space_20",
                    "shape": [
                        73.314907318524007,
                        129.9992,
                        166.23599999999999,
                        129.9992,
                        166.23599999999999,
                        -230.852,
                        -212.622829,
                        -230.852,
                        -210.32330653314335,
                        -127.37349472669581,
                        -220.32083838560439,
                        -127.15132735219669,
                        -216.76616041998088,
                        32.809181100860911,
                        -206.76862837060079,
                        32.587013721985798,
                        -204.60391300000001,
                        129.9992,
                        -86.685092681475993,
                        129.9992,
                        -86.685092681475993,
                        139.9992,
                        73.314907318524007,
                        139.9992
                    ]
                },
                {
                    "InitialHeight": 0.0,
                    "depth": 220.0,
                    "holes": [
                        [
                            -363.44720000000001,
                            -11.744,
                            -543.44719999999995,
                            -11.744,
                            -543.44719999999995,
                            -172.744,
                            -363.44720000000001,
                            -172.744
                        ]
                    ],
                    "id": 2046303053,
                    "name": "Space_21",
                    "shape": [
                        -432.25401784070755,
                        129.9992,
                        -224.60885099999999,
                        129.9992,
                        -226.76369226442694,
                        33.031348475181929,
                        -216.76616041998088,
                        32.809181100860911,
                        -220.32083838560439,
                        -127.15132735219669,
                        -230.31837042696949,
                        -126.92915997349969,
                        -232.62776700000001,
                        -230.852,
                        -807.36400000000003,
                        -230.852,
                        -807.36400000000003,
                        129.9992,
                        -592.25401784070755,
                        129.9992,
                        -592.25401784070755,
                        139.9992,
                        -432.25401784070755,
                        139.9992
                    ]
                },
                {
                    "InitialHeight": 0.0,
                    "depth": 210.0,
                    "id": 698973995,
                    "name": "Door_Space_698973995",
                    "shape": [
                        -414.41040871744042,
                        448.98800000000006,
                        -414.41040871744042,
                        468.98800000000006,
                        -574.41040871744042,
                        468.98800000000006,
                        -574.41040871744042,
                        448.98800000000006
                    ]
                },
                {
                    "InitialHeight": 0.0,
                    "depth": 210.0,
                    "id": 797807263,
                    "name": "Door_Space_797807263",
                    "shape": [
                        -432.25401784070755,
                        129.99919999999969,
                        -432.25401784070755,
                        149.99919999999969,
                        -592.25401784070755,
                        149.99919999999969,
                        -592.25401784070755,
                        129.99919999999969
                    ]
                },
                {
                    "InitialHeight": 0.0,
                    "depth": 210.0,
                    "id": 1374655191,
                    "name": "Door_Space_1374655191",
                    "shape": [
                        73.314907318524007,
                        129.99919999999958,
                        73.314907318524007,
                        149.99919999999958,
                        -86.685092681475993,
                        149.99919999999958,
                        -86.685092681475993,
                        129.99919999999958
                    ]
                },
                {
                    "InitialHeight": 110.0,
                    "depth": 120.0,
                    "id": 792618189,
                    "name": "Window_Space_792618189",